{"cameraMode":{"drawMode":0,"name":"Shaded","section":"Shading Mode"},"sceneLighting":true,"audioPlay":false,"sceneViewState":{"showFog":true,"showMaterialUpdate":false,"showSkybox":true,"showFlares":true,"showImageEffects":true,"showParticleSystems":true},"in2DMode":false,"pivot":{"x":98.37010192871094,"y":1.5956023931503297,"z":58.82617950439453},"rotation":{"x":0.0416627861559391,"y":0.9529297351837158,"z":-0.1536797434091568,"w":0.25817492604255679},"size":12.406014442443848,"orthographic":true}